coded_id,user_id
1,100338945
2,1084425186
3,1110273865
4,1132049448
5,1145742354
6,1198055730
7,1232672382
8,124108741
9,1246489621
10,1305891272
11,1306310407
12,1360967778
13,1360986716
14,1360997107
15,1362578575
16,1370120035
17,1377030169
18,1381029294
19,1408647865
20,1461456505
21,1470344958
22,1490286739
23,1500431046
24,1518658176
25,1551207157
26,1555076659
27,1572947965
28,1582772389
29,1607304960
30,1640191676
31,1662459180
32,1668963294
33,1677547832
34,1689947114
35,1692441331
36,1713199440
37,1732102699
38,1855550737
39,1858218804
40,1873016161
41,1880262133
42,1894191792
43,2161329793
44,2173400409
45,2205354442
46,2239959468
47,2240412408
48,2251759256
49,2255165713
50,2257823867
51,2267843987
52,2286370481
53,2288998113
54,228998051
55,2292583449
56,2300027396
57,2302379981
58,2307473098
59,2308237148
60,2309960328
61,2315987031
62,2324662198
63,2348866831
64,2349111031
65,2349365743
66,2349567572
67,2350593090
68,2351914922
69,2352295400
70,2353481137
71,2353532444
72,2355880849
73,2360537271
74,2370004177
75,2370018704
76,2370045050
77,2371074297
78,2383848572
79,2384230429
80,2388596086
81,239011319
82,2393611769
83,2427751065
84,243840338
85,2441168342
86,2442306934
87,2443064620
88,2454463891
89,246478540
90,246507134
91,2466653496
92,2480685036
93,2481471636
94,2491297770
95,2491299308
96,2498812080
97,2507955978
98,2524040702
99,2526148348
100,2535281383
101,253531543
102,2562064584
103,2589994362
104,2594861790
105,2600056801
106,262319452
107,262471495
108,2667793158
109,2670416821
110,2671243711
111,2676089257
112,2708449765
113,2718489650
114,2721919214
115,2723990884
116,2737833358
117,2761503800
118,2764404137
119,2784077478
120,2784469644
121,2790239047
122,280872187
123,2812074044
124,2812985412
125,2814872700
126,2820133622
127,283376800
128,2857604436
129,2858234010
130,2859534628
131,2869046042
132,2886638046
133,2896709792
134,2900246939
135,2909542704
136,291695041
137,292339388
138,293270197
139,296746704
140,3000502967
141,3029193070
142,3036266267
143,3070387662
144,323317576
145,327743584
146,328026106
147,329360879
148,33046208
149,3317326658
150,3317890987
151,3318915308
152,3318937301
153,3318947976
154,3342026113
155,339318707
156,340320277
157,3426775029
158,3430226517
159,3437103343
160,345542219
161,3458288593
162,3516482479
163,3621478109
164,3622492097
165,370606456
166,374254991
167,3760205474
168,377588395
169,382546629
170,3896648654
171,395075781
172,396153242
173,405260282
174,407054921
175,4143592096
176,414391261
177,414391609
178,414391745
179,415362750
180,417632626
181,420472820
182,4217668515
183,42726960
184,4332734729
185,438012707
186,449061861
187,456066091
188,456880961
189,4589530763
190,4611587014
191,465021404
192,469634085
193,469871783
194,4700911034
195,471381235
196,4751901080
197,483511168
198,4878596531
199,489611199
200,4912051253
201,491507425
202,492918718
203,494199648
204,494481836
205,495936192
206,505755006
207,510509135
208,517275790
209,535093931
210,538067013
211,541878934
212,541890549
213,544007962
214,552205133
215,554654105
216,559415576
217,566685053
218,569976672
219,574047158
220,596157009
221,596576616
222,612524136
223,622688348
224,623188280
225,624853798
226,62892022
227,703048038
228,703646081
229,707050341846654976
230,707106436
231,719075996
232,722285785924419584
233,723718469804384256
234,729410562
235,742905182
236,743321215020867589
237,745694504598921217
238,748345664505995264
239,751157135065489408
240,751913924
241,762086466
242,765734642
243,767090622
244,774364070040461313
245,795915297047842816
246,795981613276549120
247,805995656
248,806060882992234496
249,811003687
250,811560840
251,821367703051046912
252,822789018379284482
253,824395700750454784
254,835458745756971010
255,854246083001806848
256,861217692
257,868822748
258,871372070
259,873434353
260,876624336
261,889106360
262,920473627
263,950060852
264,9556672
265,962688212
266,968445404
267,993648830
268,886604274
269,399363201
270,20705412
271,109857775
272,14833304
273,460852237
274,323010850
275,218561795
276,27018737
277,35746812
278,25887412
279,153733974
280,3782572522
281,22055884
282,287202982
283,2181771
284,15369524
285,318489159
286,767728246649749508
287,36359791
288,70466526
289,198847494
290,811313565760163844
291,112436403
292,821800945130602497
293,18378475
294,4812431
295,887535906
296,82616817
297,28144490
298,2252588455
299,29965371
300,836761784
301,37437399
302,67552037
303,16562479
304,24800747
305,245490072
306,130104942
307,20581923
308,152925827
309,4507198833
310,2242998517
311,3018165370
312,71151452
313,560937277
314,15825795
315,390895023
316,205348909
317,77704076
318,763992516
319,39098609
320,188868079
321,19632578
322,2406093795
323,26297176
324,29216764
325,157216546
326,27713996
327,15088915
328,3254320117
329,3704391
330,1339131540
331,2384252054
332,1551636666
333,225996561
334,34116023
335,16538186
336,23798017
337,775474080715767808
338,300473269
339,23911509
340,112257152
341,9232292
342,576603160
343,105392990
344,339219479
345,18135491
346,209265675
347,18700305
348,1514073606
349,15312292
350,177783712
351,7424642
352,168361033
353,43870890
354,441931669
355,14808226
356,380377529
357,331486011
358,174863194
359,60725654
360,270986692
361,105641617
362,103735158
363,40245758
364,7972912
365,34590070
366,1208410202
367,21063394
368,156586173
369,538031518
370,1668249374
371,3299192225
372,630191758
373,41621505
374,868711705
375,186432745
376,737353289788887040
377,443919250
378,326119501
379,40001791
380,16955870
381,13982132
382,33726864
383,3819701
384,33335584
385,67118823
386,35856249
387,461349642
388,66349240
389,2596143056
390,2805040110
391,26951743
392,14602576
393,2511169849
394,17266725
395,385003792
396,23740300
397,14972558
398,14132582
399,2804260904
400,506292171
401,349900785
402,348936080
403,24998257
404,432664379
405,15467700
406,14210532
407,394702314
408,23043294
409,88261515
410,2540611459
411,58529612
412,47569074
413,40858089
414,19767495
415,3369151
416,76296208
417,2674909261
418,34097876
419,1637479206
420,140085090
421,18525497
422,68861885
423,63597537
424,2590952908
425,16544024
426,827321109636714496
427,41152441
428,423369901
429,33695444
430,32804515
431,269992801
432,16556523
433,29162709
434,24841710
435,26738483
436,15937265
437,38617573
438,505519049
439,39619442
440,823059337
441,500651859
442,157846191
443,322161329
444,2895301830
445,614249376
446,28405764
447,216560049
448,16731083
449,67838582
450,78214336
451,23950573
452,80115922
453,20891396
454,598524600
455,17159397
456,1567888128
457,14917589
458,20322317
459,1883059873
460,2231422037
461,69399743
462,121092063
463,87216528
464,34755196
465,27900704
466,84271299
467,263799473
468,549296037
469,20742888
470,725265957866901505
471,538614864
472,67427757
473,16547087
474,365303324
475,1329457939
476,578204995
477,53840825
478,21258096
479,11189732
480,14321959
481,423805915
482,21563166
483,81505814
484,109340763
485,31696434
486,131941193
487,414950388
488,106502630
489,136668622
490,11251362
491,289204159
492,74143401
493,337853585
494,24776950
495,1632763010
496,2792349332
497,23610532
498,6503412
499,366899720
500,360578338
501,334385278
502,27583805
503,83323069
504,373490841
505,15589815
506,94657978
507,28932160
508,2794243443
509,37152684
510,803483082
511,20675211
512,47991897
513,705891548
514,558481370
515,2312904278
516,56800690
517,44399838
518,797840
519,933167298
520,369915041
521,88577355
522,305935546
523,398012252
524,14408705
525,404396098
526,44815122
527,1702855195
528,2541874410
529,634962006
530,30198975
531,5695632
532,715155475
533,411219694
534,22367468
535,255471924
536,50205873
537,28442098
538,123641728
539,78218963
540,4854457427
541,15290441
542,438638734
543,749333
544,245956466
545,376231288
546,1089639818
547,24816651
548,50505691
549,325833975
550,19078594
551,64407857
552,57468644
553,3374563353
554,432280376
555,36655928
556,126102466
557,56341986
558,80408759
559,18484343
560,46468908
561,55257327
562,20291015
563,135252488
564,89749118
565,825528031
566,219626111
567,258869096
568,52795858
569,15736267
570,120004875
571,21158274
572,263885079
573,173420124
574,182292529
575,194144028
576,276204298
577,3031759144
578,42917253
579,71794672
580,16535000
581,71366436
582,17138582
583,20881175
584,6091632
585,292178052
586,21720480
587,123020840
588,75649883
589,18915795
590,776140405
591,20019950
592,796183515998068736
593,163817624
594,43831158
595,16683666
596,154246407
597,169621332
598,20427223
599,122562199
600,26186669
601,48669581
602,545770906
603,437962007
604,14946736
605,2995401932
606,780502609
607,193330599
608,773070851000397824
609,18137148
610,442936761
611,20008239
612,154102750
613,111241185
614,21462959
615,1439661253
616,21991026
617,19853179
618,782964384
619,65391293
620,40460657
621,19533817
622,72112283
623,21472765
624,84284298
625,456618636
626,15517570
627,2963979816
628,209283244
629,1603721485
630,240828543
631,189682457
632,996629102
633,34764540
634,15194242
635,77474743
636,16985304
637,395194959
638,3343494873
639,15102725
640,607023103
641,38232102
642,1194760087
643,3512101
644,40303245
645,297806774
646,5763262
647,207932870
648,109752084
649,24528266
650,18080585
651,807122
652,14171371
653,221502712
654,104614415
655,303268670
656,69059849
657,47433601
658,78301861
659,16581734
660,37776042
661,34568634
662,307728131
663,18416673
664,341875902
665,35047698
666,2724142400
667,2490430237
668,399686451
669,529778146
670,41184488
671,16786977
672,22470467
673,177992572
674,2817115016
675,158451341
676,73249659
677,43160059
678,122216533
679,98250367
680,47975823
681,57664761
682,74867249
683,143474585
684,1670336036
685,1262310390
686,4046891
687,266204102
688,63831516
689,82628905
690,246836841
691,22292571
692,18019316
693,110936167
694,36049038
695,128558424
696,59079741
697,3247814410
698,1922754072
699,18699142
700,119536658
701,143058273
702,23787909
703,3191383336
704,145129098
705,119482229
706,1182960330
707,735873534237478913
708,29669438
709,22321602
710,2190715834
711,1234429994
712,2377724724
713,124839730
714,632708673
715,62532771
716,19683038
717,207624505
718,294501398
719,29616127
720,22363802
721,987335952
722,63219844
723,278388597
724,573371364
725,195100261
726,1061604324
727,291543950
728,2385348794
729,6312312
730,14340875
731,2893075037
732,853394106
733,34846283
734,26464320
735,128808475
736,51588784
737,773316060632219648
738,440525434
739,766201603
740,89062879
741,19859805
742,92002486
743,176009924
744,140475927
745,18493702
746,121598378
747,138282579
748,1635678828
749,3170232685
750,71245831
751,18175886
752,32238813
753,226658621
754,128797906
755,234904589
756,168816611
757,459998804
758,818927131883356161
759,29945848
760,104710814
761,166746872
762,108441652
763,71337202
764,1886085126
765,117230308
766,1434337280
767,113885149
